{"options":{"check_for_updates":true,"comment":null,"compat_foreach":false,"compat_metadata":false,"compat_powerful_this":null,"compat_wrappedjsobject":false,"compatopts_for_requires":true,"noframes":null,"override":{"merge_connects":true,"merge_excludes":true,"merge_includes":true,"merge_matches":true,"orig_connects":[],"orig_excludes":[],"orig_includes":[],"orig_matches":["*://*/*"],"orig_noframes":null,"orig_run_at":"document-idle","orig_run_in":[],"orig_tags":[],"use_blockers":[],"use_connects":["github.com"],"use_excludes":[],"use_includes":[],"use_matches":[]},"run_at":null,"run_in":null,"sandbox":null,"tags":[],"unwrap":null,"user_modified":1749658539247},"settings":{"enabled":true,"position":1},"meta":{"name":"Private Deckard Scripts","uuid":"24b213a4-fb5d-45c4-a0a6-0902d14ab8b0","modified":1749658714644,"file_url":"https://raw.githubusercontent.com/Dinfcs/Deckard/main/DeckardScripts/AuxiliarUpdate.js"}}